"customer_id";"title";"first_name";"last_name";"email_address"
"12345";"Mr";"Fitzwilliam";"Darcy";"fdarcy@darcy.com"
"12346";"Mr";"Charles";"Bingley";"charlesb@bingley.com"
"12347";"Ms";"Elizabeth";"Bennet";"ebennet@bennet.com"
"12348";"Ms";"Charlotte";"Lucas";"clucas@lucas.com"
"12349";"Mr";"George";"Wickham";"gw@wickham.com"
